Chanage,Elevation
32665.9,661.9
32664.9,662.0
32666.9,662.1
32663.9,662.4
32667.9,662.5
32662.9,662.8
32668.9,663.1
32661.9,663.1
32660.9,663.2
32659.9,663.3
32658.9,663.4
32669.9,663.6
32657.9,663.6
32656.9,663.8
32655.9,664.0
32670.9,664.1
32654.9,664.1
32634.0,664.2
32653.9,664.3
32636.0,664.3
32635.0,664.3
32633.0,664.3
32637.0,664.3
32638.0,664.4
32652.9,664.4
32632.0,664.4
32671.9,664.6
32639.0,664.6
32651.9,664.7
32640.0,664.7
32631.0,664.8
32650.9,664.9
32641.0,665.0
32672.9,665.0
32630.0,665.1
32650.0,665.1
32649.0,665.2
32642.0,665.3
32629.0,665.3
32673.9,665.4
32648.0,665.4
32647.0,665.4
32646.0,665.4
32643.0,665.4
32645.0,665.5
32644.0,665.6
32628.0,665.6
32674.9,665.7
32627.0,665.8
32626.0,665.9
32625.0,665.9
32675.9,666.1
32624.0,666.1
32623.0,666.2
32622.0,666.4
32621.0,666.5
32676.9,666.6
32620.0,666.6
32619.0,666.7
32618.0,666.7
32617.0,666.8
32616.0,666.9
32615.0,667.0
32614.0,667.2
32613.0,667.3
32677.9,667.3
32612.0,667.3
32611.0,667.5
32610.0,667.6
32609.0,667.6
32608.0,667.7
32607.0,667.8
32678.9,668.0
32606.0,668.0
32605.0,668.3
32604.0,668.4
32679.9,668.6
32603.0,668.7
32602.0,669.0
32680.9,669.0
32601.0,669.1
32681.9,669.2
32592.1,669.2
32682.9,669.2
32686.9,669.2
32684.9,669.2
32600.1,669.2
32685.9,669.2
32687.9,669.3
32683.9,669.3
32593.1,669.3
32594.1,669.3
32688.9,669.3
32599.1,669.3
32598.1,669.4
32689.9,669.4
32597.1,669.4
32595.1,669.5
32596.1,669.5
32591.1,669.5
32690.9,669.7
32590.1,669.7
32589.1,670.0
32691.9,670.1
32588.1,670.3
32587.1,670.4
32692.9,670.6
32586.1,670.6
32585.1,670.8
32584.1,670.9
32583.1,671.1
32693.9,671.2
32582.1,671.2
32581.1,671.3
32580.1,671.5
32694.9,671.5
32579.1,671.5
32578.1,671.6
32577.1,671.7
32576.1,671.8
32695.9,672.0
32575.1,672.1
32574.1,672.2
32573.1,672.3
32696.9,672.3
32572.1,672.5
32697.9,672.6
32571.1,672.6
32698.9,672.8
32570.1,672.8
32699.9,672.9
32569.1,673.0
32700.9,673.1
32563.1,673.1
32568.1,673.1
32564.1,673.1
32701.8,673.2
32562.1,673.2
32565.1,673.2
32702.8,673.2
32566.1,673.2
32567.1,673.3
32703.8,673.3
32561.1,673.3
32560.1,673.4
32559.1,673.4
32558.1,673.5
32704.8,673.5
32557.1,673.5
32556.1,673.6
32705.8,673.7
32706.8,673.9
32555.1,673.9
32554.1,674.1
32547.2,674.2
32546.2,674.2
32549.2,674.2
32548.2,674.2
32553.1,674.2
32707.8,674.3
32545.2,674.3
32550.2,674.4
32552.1,674.4
32551.1,674.4
32539.2,674.4
32538.2,674.4
32544.2,674.5
32540.2,674.5
32541.2,674.6
32537.2,674.6
32543.2,674.6
32542.2,674.6
32708.8,674.7
32536.2,674.8
32709.8,675.0
32535.2,675.0
32710.8,675.1
32534.2,675.2
32711.8,675.2
32533.2,675.3
32532.2,675.5
32531.2,675.6
32530.2,675.6
32712.8,675.6
32529.2,675.7
32528.2,675.7
32527.2,675.7
32526.2,675.8
32713.8,675.9
32525.2,675.9
32953.4,676.0
32954.4,676.0
32714.8,676.0
32955.4,676.0
32952.4,676.0
32951.4,676.1
32968.3,676.1
32967.3,676.1
32950.4,676.1
32966.3,676.1
32956.4,676.1
32959.3,676.1
32947.4,676.1
32969.3,676.1
32949.4,676.1
32958.3,676.1
32948.4,676.1
32957.3,676.1
32960.3,676.1
32965.3,676.2
32946.4,676.2
32970.3,676.2
32715.8,676.2
32524.2,676.2
32964.3,676.3
32971.3,676.3
32961.3,676.3
32972.3,676.3
32963.3,676.3
32962.3,676.3
32945.4,676.3
32716.8,676.4
32973.3,676.4
32523.2,676.4
32862.5,676.5
32861.5,676.5
32860.5,676.5
32944.4,676.5
32859.5,676.5
32863.5,676.5
32864.5,676.6
32522.2,676.6
32926.4,676.6
32931.4,676.6
32930.4,676.6
32974.3,676.6
32717.8,676.6
32932.4,676.6
32927.4,676.6
32925.4,676.6
32858.5,676.6
32929.4,676.6
32943.4,676.6
32928.4,676.6
32521.2,676.7
32865.5,676.7
32857.5,676.7
32520.2,676.7
32866.5,676.7
32933.4,676.7
32942.4,676.8
32975.3,676.8
32856.5,676.8
32867.5,676.8
32924.4,676.8
32815.6,676.8
32855.5,676.9
32852.6,676.9
32816.6,676.9
32718.8,676.9
32817.6,676.9
32868.5,676.9
32941.4,676.9
32851.6,676.9
32853.6,676.9
32519.2,676.9
32819.6,676.9
32923.4,676.9
32854.6,676.9
32934.4,676.9
32818.6,676.9
32814.6,676.9
32849.6,676.9
32850.6,676.9
32848.6,677.0
32869.5,677.0
32976.3,677.0
32940.4,677.0
32922.4,677.1
32820.6,677.1
32813.6,677.1
32870.5,677.1
32935.4,677.1
32871.5,677.1
32847.6,677.1
32821.6,677.1
32518.2,677.1
32939.4,677.2
32936.4,677.2
32872.5,677.2
32937.4,677.2
32938.4,677.2
32822.6,677.2
32921.4,677.2
32846.6,677.2
32812.6,677.3
32977.3,677.3
32845.6,677.3
32823.6,677.3
32844.6,677.3
32841.6,677.3
32920.4,677.3
32811.6,677.3
32840.6,677.3
32517.2,677.3
32843.6,677.3
32873.5,677.3
32842.6,677.3
32874.5,677.3
32824.6,677.4
32887.5,677.4
32839.6,677.4
32838.6,677.4
32919.4,677.4
32837.6,677.4
32836.6,677.4
32875.5,677.4
32827.6,677.4
32886.5,677.4
32835.6,677.4
32834.6,677.4
32826.6,677.5
32896.5,677.5
32833.6,677.5
32825.6,677.5
32978.3,677.5
32885.5,677.5
32918.4,677.5
32719.8,677.5
32828.6,677.5
32895.5,677.5
32831.6,677.5
32876.5,677.5
32888.5,677.5
32830.6,677.5
32516.2,677.5
32894.5,677.5
32832.6,677.5
32917.4,677.6
32829.6,677.6
32884.5,677.6
32893.5,677.6
32916.4,677.6
32810.6,677.6
32889.5,677.6
32883.5,677.6
32897.5,677.6
32892.5,677.7
32880.5,677.7
32881.5,677.7
32882.5,677.7
32890.5,677.7
32915.4,677.7
32879.5,677.7
32979.3,677.7
32877.5,677.7
32898.5,677.7
32914.4,677.7
32900.5,677.8
32515.2,677.8
32913.4,677.8
32899.5,677.8
32901.5,677.8
32891.5,677.8
32912.4,677.8
32878.5,677.8
32809.6,677.8
32980.3,677.9
32720.8,678.0
32981.3,678.0
32902.5,678.0
32514.2,678.0
32911.4,678.0
32808.6,678.0
32910.4,678.0
32903.5,678.1
32721.8,678.1
32982.3,678.1
32909.4,678.1
32722.8,678.1
32807.6,678.1
32723.8,678.2
32724.8,678.2
32983.3,678.2
32905.5,678.2
32725.8,678.2
32806.6,678.2
32757.7,678.2
32746.8,678.2
32805.6,678.2
32756.7,678.2
32904.5,678.2
32726.8,678.2
32747.8,678.2
32758.7,678.3
32728.8,678.3
32908.4,678.3
32754.7,678.3
32755.7,678.3
32727.8,678.3
32751.8,678.3
32906.4,678.3
32759.7,678.3
32752.8,678.3
32771.7,678.3
32753.7,678.3
32513.2,678.3
32748.8,678.3
32770.7,678.3
32729.8,678.3
32984.3,678.3
32750.8,678.3
32804.6,678.3
32907.4,678.3
32730.8,678.3
32731.8,678.3
32760.7,678.3
32745.8,678.3
32749.8,678.4
32772.7,678.4
32769.7,678.4
32762.7,678.4
32761.7,678.4
32732.8,678.4
32734.8,678.4
32767.7,678.4
32795.7,678.4
32735.8,678.4
32768.7,678.4
32744.8,678.4
32766.7,678.4
32773.7,678.4
32763.7,678.4
32736.8,678.4
32985.3,678.4
32794.7,678.4
32796.7,678.4
32774.7,678.4
32765.7,678.5
32764.7,678.5
32733.8,678.5
32803.7,678.5
32793.7,678.5
32775.7,678.5
32986.3,678.5
32797.7,678.5
32776.7,678.5
32792.7,678.5
32989.3,678.5
32993.3,678.5
32743.8,678.5
32798.7,678.5
32988.3,678.5
32741.8,678.5
32740.8,678.5
32737.8,678.5
32791.7,678.5
32742.8,678.5
32739.8,678.5
32990.3,678.5
32790.7,678.5
32801.7,678.5
32777.7,678.5
32778.7,678.5
32799.7,678.5
32802.7,678.5
32738.8,678.6
32800.7,678.6
32987.3,678.6
32512.2,678.6
33000.3,678.6
32992.3,678.6
32789.7,678.6
32788.7,678.6
32779.7,678.6
32991.3,678.7
32787.7,678.7
32783.7,678.7
32994.3,678.7
32784.7,678.7
32995.3,678.7
32998.3,678.7
32999.3,678.7
32780.7,678.7
32511.2,678.7
32786.7,678.8
32782.7,678.8
32785.7,678.8
32997.3,678.8
32510.2,678.8
32996.3,678.8
32781.7,678.9
32509.2,678.9
32508.2,679.0
32507.2,679.0
32506.2,679.0
32505.2,679.1
32500.2,679.1
32504.2,679.1
32483.3,679.1
32484.3,679.1
32503.2,679.1
32486.3,679.1
32485.3,679.1
32501.2,679.1
32495.3,679.1
32487.3,679.1
32499.3,679.1
32488.3,679.1
32489.3,679.1
32496.3,679.1
32502.2,679.1
32492.3,679.1
32482.3,679.1
32497.3,679.1
32490.3,679.1
32481.3,679.1
32491.3,679.2
32494.3,679.2
32498.3,679.2
32479.3,679.2
32480.3,679.2
32493.3,679.2
32478.3,679.2
32475.3,679.2
32477.3,679.2
32476.3,679.2
32474.3,679.3
32472.3,679.3
32473.3,679.3
32471.3,679.3
32465.3,679.3
32470.3,679.4
32464.3,679.4
32463.3,679.4
32469.3,679.5
32466.3,679.5
32468.3,679.5
32467.3,679.5
32434.4,679.5
32435.4,679.6
32462.3,679.6
32433.4,679.6
32429.4,679.6
32432.4,679.6
32431.4,679.6
32436.4,679.6
32430.4,679.6
32437.4,679.7
32460.3,679.7
32427.4,679.7
32441.4,679.7
32428.4,679.7
32461.3,679.7
32335.4,679.7
32442.4,679.7
32440.4,679.7
32459.3,679.7
32444.4,679.7
32443.4,679.7
32423.4,679.7
32445.4,679.7
32336.4,679.7
32439.4,679.7
32421.4,679.7
32334.4,679.7
32447.4,679.7
32458.3,679.7
32426.4,679.7
32422.4,679.7
32438.4,679.7
32424.4,679.7
32331.4,679.7
32338.4,679.7
32448.4,679.7
32330.4,679.7
32337.4,679.8
32457.3,679.8
32420.4,679.8
32425.4,679.8
32339.4,679.8
32446.4,679.8
32419.4,679.8
32453.3,679.8
32333.4,679.8
32320.4,679.8
32325.4,679.8
32350.4,679.8
32332.4,679.8
32322.4,679.8
32367.4,679.8
32454.3,679.8
32456.3,679.8
32449.4,679.8
32324.4,679.8
32326.4,679.8
32371.4,679.8
32321.4,679.8
32416.4,679.8
32323.4,679.8
32329.4,679.8
32450.3,679.8
32328.4,679.8
32418.4,679.8
32370.4,679.8
32366.4,679.8
32368.4,679.8
32349.4,679.8
32344.4,679.8
32455.3,679.8
32345.4,679.8
32452.3,679.8
32372.4,679.8
32327.4,679.8
32417.4,679.8
32362.4,679.8
32346.4,679.8
32451.3,679.8
32342.4,679.8
32360.4,679.8
32356.4,679.8
32343.4,679.8
32363.4,679.8
32355.4,679.9
32357.4,679.9
32361.4,679.9
32369.4,679.9
32340.4,679.9
32347.4,679.9
32365.4,679.9
32374.4,679.9
32373.4,679.9
32348.4,679.9
32359.4,679.9
32415.4,679.9
32414.4,679.9
32351.4,679.9
32358.4,679.9
32319.4,679.9
32375.4,679.9
32341.4,679.9
32413.4,679.9
32376.4,679.9
32316.4,679.9
32352.4,679.9
32364.4,679.9
32317.4,679.9
32377.4,679.9
32354.4,679.9
32412.4,679.9
32407.4,680.0
32402.4,680.0
32406.4,680.0
32353.4,680.0
32378.4,680.0
32401.4,680.0
32409.4,680.0
32410.4,680.0
32408.4,680.0
32411.4,680.0
32318.4,680.0
32379.4,680.0
32400.4,680.0
32380.4,680.0
32394.4,680.0
32381.4,680.0
32403.4,680.0
32315.4,680.0
32397.4,680.0
32398.4,680.0
32404.4,680.0
32399.4,680.0
32238.6,680.0
32239.6,680.0
32405.4,680.0
32237.6,680.1
32234.6,680.1
32240.5,680.1
32386.4,680.1
32396.4,680.1
32235.6,680.1
32382.4,680.1
32395.4,680.1
32236.6,680.1
32393.4,680.1
32383.4,680.1
32387.4,680.1
32314.4,680.1
32233.6,680.1
32241.5,680.1
32313.4,680.1
32312.4,680.2
32385.4,680.2
32311.4,680.2
32388.4,680.2
32310.4,680.2
32309.4,680.2
32392.4,680.2
32389.4,680.2
32308.4,680.2
32390.4,680.2
32384.4,680.2
32391.4,680.2
32285.5,680.2
32242.5,680.2
32306.4,680.2
32307.4,680.2
32296.5,680.2
32282.5,680.2
32283.5,680.2
32232.6,680.2
32284.5,680.3
32305.4,680.3
32279.5,680.3
32229.6,680.3
32243.5,680.3
32230.6,680.3
32280.5,680.3
32274.5,680.3
32304.4,680.3
32231.6,680.3
32281.5,680.3
32228.6,680.3
32288.5,680.3
32278.5,680.3
32276.5,680.3
32272.5,680.3
32294.5,680.3
32227.6,680.3
32244.5,680.3
32277.5,680.3
32295.5,680.3
32273.5,680.3
32286.5,680.3
32303.5,680.3
32291.5,680.3
32290.5,680.3
32271.5,680.3
32289.5,680.3
32222.6,680.3
32293.5,680.3
32301.5,680.3
32287.5,680.3
32300.5,680.3
32297.5,680.3
32275.5,680.4
32226.6,680.4
32224.6,680.4
32298.5,680.4
32221.6,680.4
32299.5,680.4
32223.6,680.4
32225.6,680.4
32292.5,680.4
32302.5,680.4
32270.5,680.4
32246.5,680.4
32245.5,680.4
32247.5,680.5
32255.5,680.5
32269.5,680.5
32250.5,680.5
32248.5,680.5
32256.5,680.5
32249.5,680.5
32251.5,680.5
32266.5,680.5
32265.5,680.5
32254.5,680.6
32220.6,680.6
32253.5,680.6
32259.5,680.6
32264.5,680.6
32214.6,680.6
32261.5,680.6
32215.6,680.6
32252.5,680.6
32262.5,680.6
32260.5,680.6
32268.5,680.6
32257.5,680.6
32258.5,680.6
32267.5,680.6
32219.6,680.7
32216.6,680.7
32263.5,680.7
32213.6,680.7
32218.6,680.7
32210.6,680.7
32217.6,680.7
32211.6,680.8
32212.6,680.8
32209.6,680.8
32208.6,680.9
32207.6,680.9
32206.6,681.0
32205.6,681.1
32204.6,681.2
32203.6,681.2
32202.6,681.3
32201.6,681.4
32200.6,681.4
32199.6,681.4
32198.6,681.5
32197.6,681.5
32196.6,681.5
32195.6,681.5
32194.7,681.6
32193.7,681.6
32192.7,681.6
32191.7,681.6
32190.7,681.6
32189.7,681.6
32184.7,681.6
32181.7,681.6
32183.7,681.6
32179.7,681.6
32182.7,681.7
32188.7,681.7
32175.7,681.7
32174.7,681.7
32180.7,681.7
32176.7,681.7
32178.7,681.7
32187.7,681.7
32185.7,681.7
32177.7,681.7
32173.7,681.7
32186.7,681.7
32168.7,681.8
32167.7,681.8
32172.7,681.8
32169.7,681.9
32166.7,681.9
32164.7,681.9
32161.7,681.9
32162.7,681.9
32170.7,681.9
32171.7,682.0
32160.7,682.0
32159.7,682.0
32165.7,682.0
32163.7,682.0
32158.7,682.0
32157.7,682.0
32156.7,682.0
32155.7,682.1
32154.7,682.1
32153.7,682.1
32152.7,682.1
32151.7,682.1
32150.7,682.1
32149.7,682.2
32148.8,682.2
32147.8,682.2
32146.8,682.2
32144.8,682.2
32145.8,682.2
32060.9,682.2
32059.9,682.2
32142.8,682.3
32055.0,682.3
32056.0,682.3
32059.0,682.3
32057.0,682.3
32058.0,682.3
32054.0,682.3
32061.9,682.3
32143.8,682.3
32141.8,682.3
32053.0,682.3
32063.9,682.3
32062.9,682.3
32140.8,682.3
32064.9,682.3
32052.0,682.3
32139.8,682.4
32065.9,682.4
32066.9,682.4
32070.9,682.4
32069.9,682.4
32051.0,682.4
32138.8,682.4
32071.9,682.4
32068.9,682.4
32067.9,682.4
32072.9,682.4
32073.9,682.4
32050.0,682.5
32076.9,682.5
32137.8,682.5
32074.9,682.5
32075.9,682.5
32077.9,682.5
32078.9,682.5
32079.9,682.5
32049.0,682.5
32136.8,682.5
32080.9,682.5
32048.0,682.5
32081.9,682.6
32134.8,682.6
32135.8,682.6
32047.0,682.6
32133.8,682.6
32082.9,682.6
32132.8,682.6
32131.8,682.6
32130.8,682.6
32046.0,682.7
32129.8,682.7
32083.9,682.7
32128.8,682.7
32045.0,682.7
32044.0,682.7
32084.9,682.7
32127.8,682.7
32126.8,682.7
32043.0,682.7
32125.8,682.7
32124.8,682.8
32085.9,682.8
32042.0,682.8
32123.8,682.8
32122.8,682.8
32086.9,682.8
32121.8,682.8
32041.0,682.9
32087.9,682.9
32120.8,682.9
32040.0,682.9
32119.8,682.9
32088.9,682.9
32039.0,682.9
32118.8,682.9
32117.8,683.0
32038.0,683.0
32110.8,683.0
32111.8,683.0
32116.8,683.0
32112.8,683.0
32089.9,683.0
32109.8,683.0
32113.8,683.0
32037.0,683.0
32115.8,683.0
32114.8,683.0
32108.8,683.0
32090.9,683.0
32107.8,683.1
32036.0,683.1
32106.8,683.1
32017.0,683.1
32035.0,683.1
32019.0,683.1
32091.9,683.1
32018.0,683.1
32016.0,683.1
32015.0,683.1
32020.0,683.1
32021.0,683.1
32022.0,683.1
32034.0,683.1
32092.9,683.1
32033.0,683.1
32023.0,683.1
32014.0,683.2
32012.1,683.2
32004.1,683.2
32013.1,683.2
32105.8,683.2
32030.0,683.2
32001.1,683.2
32093.9,683.2
32003.1,683.2
32010.1,683.2
32026.0,683.2
32032.0,683.2
32031.0,683.2
32011.1,683.2
32002.1,683.2
32027.0,683.2
32024.0,683.2
32094.9,683.2
32025.0,683.2
32005.1,683.2
32029.0,683.2
32006.1,683.2
32028.0,683.2
32095.9,683.2
32104.8,683.2
32007.1,683.2
32008.1,683.2
32096.9,683.2
32009.1,683.2
32097.9,683.2
32098.9,683.2
32103.9,683.2
32099.9,683.2
32101.9,683.3
32100.9,683.3
32102.9,683.3
,
,
,
,
,
,
,
,
,
,
,
,
,
,
,
,
,
,
,
,
,
,
,
,
,
,
,
,
,
,
,
,
,
,
,
,
,
,
,
,
,
,
,
,
,
,
,
,
,
,
,
,
,
,
,
,
,
,
,
,
,
,
,
,
,
,
,
,
,
,
,
,
,
,
,
,
,
,
,
,
,
,
,
,
,
,
,
,
,
,
,
,
,
,
,
,
,
,
,
,
,
,
,
,
,
,
,
,
,
,
,
,
,
,
,
,
,
,
,
,
,
,
,
,
,
,
,
,
,
,
,
,
,
,
,
,
,
,
,
,
,
,
,
,
,
,
,
,
,
,
,
,
,
,
,
,
,
,
,
,
,
,
,
,
,
,
,
,
,
,
,
,
,
,
,
,
,
,
,
,
,
,
,
,
,
,
,
,
,
,
,
,
,
,
,
,
,
,
,
,
,
,
,
,
,
,
,
,
,
,
,
,
,
,
,
,
,
,
,
,
,
,
,
,
,
,
,
,
,
,
,
,
,
,
,
,
,
,
,
,
,
,
,
,
,
,
,
,
,
,
,
,
,
,
,
,
,
,
,
,
,
,
,
,
,
,
,
,
,
,
,
,
,
,
,
,
,
,
,
,
,
,
,
,
,
,
,
,
,
,
,
,
,
,
,
,
,
,
,
,
,
,
,
,
,
,
,
,
,
,
,
,
,
,
,
,
,
,
,
,
,
,
,
,
,
,
,
,
,
,
,
,
,
,
,
,
,
,
,
,
,
,
,
,
,
,
,
,
,
,
,
,
,
,
,
,
,
,
,
,
,
,
,
,
,
,
,
,
,
,
,
,
,
,
,
,
,
,
,
,
,
,
,
,
,
,
,
,
,
,
,
,
,
,
,
,
,
,
,
,
,
,
,
,
,
,
,
,
,
,
,
,
,
,
,
,
,
,
,
,
,
,
,
,
,
,
,
,
,
,
,
,
,
,
,
,
,
,
,
,
,
,
,
,
,
,
,
,
,
,
,
,
,
,
,
,
,
,
,
,
,
,
,
,
,
,
,
,
,
,
,
,
,
,
,
,
,
,
,
,
,
,
,
,
,
,
,
,
,
,
,
,
,
,
,
,
,
,
,
,
,
,
,
,
,
,
,
,
,
,
,
,
,
,
,
,
,
,
,
,
,
,
,
,
,
,
,
,
,
,
,
,
,
,
,
,
,
,
,
,
,
,
,
,
,
,
,
,
,
,
,
,
,
,
,
,
,
,
,
,
,
,
,
,
,
,
,
,
,
,
,
,
,
,
,
,
,
,
,
,
,
,
,
,
,
,
,
,
,
,
,
,
,
,
,
,
,
,
,
,
,
,
,
,
,
,
,
,
,
,
,
,
,
,
,
,
,
,
,
,
,
,
,
,
,
,
,
,
,
,
,
,
,
,
,
,
,
,
,
,
,
,
,
,
,
,
,
,
,
,
,
,
,
,
,
,
,
,
,
,
,
,
,
,
,
,
,
,
,
,
,
,
,
,
,
,
,
,
,
,
,
,
,
,
,
,
,
,
,
,
,
,
,
,
,
,
,
,
,
,
,
,
,
,
,
,
,
,
,
,
,
,
,
,
,
,
,
,
,
,
,
,
,
,
,
,
,
,
,
,
,
,
,
,
,
,
,
,
,
,
,
,
,
,
,
,
,
,
,
,
,
,
,
,
,
,
,
,
,
,
,
,
,
,
,
,
,
,
,
,
,
,
,
,
,
,
,
,
,
,
,
,
,
,
,
,
,
,
,
,
,
,
,
,
,
,
,
,
,
,
,
,
,
,
,
,
,
,
,
,
,
,
,
,
,
,
,
,
,
,
,
,
,
,
,
,
,
,
,
,
,
,
,
,
,
,
,
,
,
,
,
,
,
,
,
,
,
,
,
,
,
,
,
,
,
,
,
,
,
,
,
,
,
,
,
,
,
,
,
,
,
,
,
,
,
,
,
,
,
,
,
,
,
,
,
,
,
,
,
,
,
,
,
,
,
,
,
,
,
,
,
,
,
,
,
,
,
,
,
,
,
,
,
,
,
,
,
,
,
,
,
,
,
,
,
,
,
,
,
,
,
,
,
,
,
,
,
,
,
,
,
,
,
,
,
,
,
,
,
,
,
,
,
,
,
,
,
,
,
,
,
,
,
,
,
,
,
,
,
,
,
,
,
,
,
,
,
,
,
,
,
,
,
,
,
,
,
,
,
,
,
,
,
,
,
,
,
,
,
,
,
,
